{
    "routes" : [
      {
          "legs" : [
             {
                "distance" : {
                    "text" : "12.3 km",
                    "value" : 12332
                 },
                 "duration" : {
                    "text" : "36 min",
                    "value" : 2170
                 },
                 "end_address" : "Unnamed Road, Chiapas, México",
                 "end_location" : {
                    "lat" : 16.1786359,
                    "lng" : -92.0745431
                 },
                 "start_address" : "Onceava Avenida Ote. Sur 11, Las Chilcas, 30700 Comitán de Domínguez, Chis., México",
                 "start_location" : {
                    "lat" : 16.2469576,
                    "lng" : -92.12009329999999
                 }
            }
         ],
         "summary" : "Segunda Avenida del Barriod de Los Sabinos"
     }
   ]
}