{"statuses":[{"created_at":"Thu Oct 29 18:37:46 +0000 2020","id":1321883945269661702,"id_str":"1321883945269661702","text":"Ahora nos toca poner el ejemplo, tomar conciencia y usar cubrebocas. \u00bfTe unes al reto?\n\nLa causa de la educaci\u00f3n te\u2026 https:\/\/t.co\/emYZzoKPDM","truncated":true,"entities":{"hashtags":[],"symbols":[],"user_mentions":[],"urls":[{"url":"https:\/\/t.co\/emYZzoKPDM","expanded_url":"https:\/\/twitter.com\/i\/web\/status\/1321883945269661702","display_url":"twitter.com\/i\/web\/status\/1\u2026","indices":[117,140]}]},"metadata":{"iso_language_code":"es","result_type":"recent"},"source":"\u003ca href=\"http:\/\/twitter.com\/download\/android\" rel=\"nofollow\"\u003eTwitter for Android\u003c\/a\u003e","in_reply_to_status_id":null,"in_reply_to_status_id_str":null,"in_reply_to_user_id":null,"in_reply_to_user_id_str":null,"in_reply_to_screen_name":null,"user":{"id":1142072050447781890,"id_str":"1142072050447781890","name":"Universidad Tecnol\u00f3gica de la Selva","screen_name":"UTselvaOficial","location":"Mexico","description":"Cuenta oficial de la Universidad Tecnol\u00f3gica de la Selva en Chiapas. Educaci\u00f3n P\u00fablica de Calidad Certificada.","url":"https:\/\/t.co\/UkAj3xrurY","entities":{"url":{"urls":[{"url":"https:\/\/t.co\/UkAj3xrurY","expanded_url":"http:\/\/www.utselva.edu.mx","display_url":"utselva.edu.mx","indices":[0,23]}]},"description":{"urls":[]}},"protected":false,"followers_count":78,"friends_count":25,"listed_count":0,"created_at":"Fri Jun 21 14:09:30 +0000 2019","favourites_count":10,"utc_offset":null,"time_zone":null,"geo_enabled":false,"verified":false,"statuses_count":367,"lang":null,"contributors_enabled":false,"is_translator":false,"is_translation_enabled":false,"profile_background_color":"F5F8FA","profile_background_image_url":null,"profile_background_image_url_https":null,"profile_background_tile":false,"profile_image_url":"http:\/\/pbs.twimg.com\/profile_images\/1147204948716904448\/30pENFOd_normal.png","profile_image_url_https":"https:\/\/pbs.twimg.com\/profile_images\/1147204948716904448\/30pENFOd_normal.png","profile_banner_url":"https:\/\/pbs.twimg.com\/profile_banners\/1142072050447781890\/1562349774","profile_link_color":"1DA1F2","profile_sidebar_border_color":"C0DEED","profile_sidebar_fill_color":"DDEEF6","profile_text_color":"333333","profile_use_background_image":true,"has_extended_profile":true,"default_profile":true,"default_profile_image":false,"following":false,"follow_request_sent":false,"notifications":false,"translator_type":"none"},"geo":null,"coordinates":null,"place":null,"contributors":null,"is_quote_status":false,"retweet_count":0,"favorite_count":1,"favorited":false,"retweeted":false,"possibly_sensitive":false,"lang":"es"}],"search_metadata":{"completed_in":0.054,"max_id":1321883945269661702,"max_id_str":"1321883945269661702","next_results":"?max_id=1321883945269661701&q=%2523utselva&count=100&include_entities=1&result_type=recent","query":"%2523utselva","refresh_url":"?since_id=1321883945269661702&q=%2523utselva&result_type=recent&include_entities=1","count":100,"since_id":0,"since_id_str":"0"}}